user_id,dim_0,dim_1,dim_2,dim_3,dim_4,dim_5,dim_6,dim_7
names,1,2,3,4,5,6,7,9
embeddings,"[ 1.10376924e-02  2.61335131e-02  1.59701612e-02  3.97964343e-02
 -2.38368083e-02  4.21607234e-02  4.16549016e-03 -6.78893626e-02
  1.59150679e-02 -5.33085391e-02  6.79635406e-02 -1.49372369e-02
 -7.37662837e-02 -4.14202549e-03 -3.52161005e-02  1.60826929e-02
 -3.01537495e-02 -5.34640439e-02  1.35416482e-02  4.58102524e-02
  8.31226781e-02  4.89987135e-02 -6.31467551e-02 -3.59784029e-02
  4.61291429e-03  9.76464376e-02 -5.54866483e-03 -2.48062164e-02
 -7.93066807e-03 -3.10004614e-02 -9.10596773e-02 -2.47251205e-02
  3.20361666e-02 -6.30332306e-02  4.38106991e-03 -2.92365812e-02
 -1.57129969e-02 -3.22138518e-02 -3.92009616e-02 -6.81552198e-03
  1.20965103e-02  2.44191755e-02 -1.22270761e-02  3.11938692e-02
  1.32860523e-02 -5.81097379e-02  5.30191064e-02  5.48349619e-02
  2.17535552e-02  1.41356606e-02 -3.79776768e-02 -7.24646077e-02
  4.29746173e-02 -3.85819413e-02 -2.23440956e-03 -2.05930639e-02
  7.69289508e-02 -3.69099267e-02  9.60146338e-02  2.44903029e-03
 -9.29685216e-03  9.57054123e-02 -5.20233670e-03 -8.14462453e-03
  1.22573106e-02 -3.20246406e-02  4.25360911e-02 -2.57625207e-02
  4.72294213e-03  1.19750267e-02  3.73658203e-02 -5.54853603e-02
  4.19320092e-02  1.94067630e-04  1.08794803e-02  1.71902240e-03
 -3.12782675e-02  5.33483438e-02 -4.76067699e-02  2.64488291e-02
 -7.12519214e-02 -1.03044091e-02 -4.39377278e-02  9.22353864e-02
 -4.23314944e-02  5.60045429e-02 -1.21590793e-02  6.60435259e-02
 -6.34769350e-02  3.16190533e-02  5.97415306e-02  6.93161711e-02
  3.77537794e-02  1.58389136e-02  1.72294229e-02 -7.76147172e-02
 -8.07179213e-02  4.09045853e-02  1.78419035e-02 -4.53152284e-02
  1.27139427e-02  5.34323193e-02 -2.20631659e-02 -2.39888001e-02
  2.58043818e-02 -2.97097815e-03  2.09444650e-02 -9.63584427e-03
  4.53888699e-02  6.10647351e-02  4.89626862e-02  3.71413049e-03
  4.40550335e-02 -5.31685725e-02  8.48009437e-02 -6.08157851e-02
  2.06622630e-02 -1.49418879e-02 -6.27842993e-02  2.95220371e-02
  1.30070793e-02  1.26075111e-02  1.20226078e-01  4.11980320e-03
  3.24976742e-02 -7.94824213e-02  2.11116914e-02 -6.71211258e-02
 -4.65421099e-03 -2.51865145e-02  5.45400158e-02 -4.10052799e-02
 -1.33165754e-02 -5.19512445e-02  5.00768162e-02  5.41529022e-02
  4.40189801e-02 -2.50923615e-02  3.78000811e-02  6.24841265e-02
  2.91257109e-02  1.10240234e-02  7.79300779e-02  7.48878270e-02
  4.75206040e-02  2.60906219e-02  4.59256954e-02 -1.39352353e-03
  2.01587044e-02  1.36670247e-02  6.57757446e-02 -2.52949633e-02
 -4.14957069e-02  3.26846689e-02 -9.10484344e-02  8.53588060e-03
 -4.38491106e-02 -6.39329106e-02  5.29441014e-02 -3.75578366e-02
  6.55995533e-02 -8.25417414e-02  6.25437424e-02 -2.59272661e-02
 -7.55654201e-02 -1.49245486e-02  1.13258408e-02 -2.92864125e-02
  2.79210079e-02  8.74043908e-03 -4.29640338e-02  8.52483511e-03
 -3.34714651e-02 -1.24479833e-04  1.77182779e-02 -2.54608709e-02
  6.89286366e-02  8.38659820e-04 -4.39238101e-02 -1.22049833e-02
  4.82588075e-02 -7.78801972e-03  1.79110169e-02 -2.63468623e-02
 -5.11434115e-02  9.02474076e-02 -8.71246606e-02 -1.68810524e-02
 -2.60632746e-02 -1.23596601e-02  3.58160175e-02 -1.46587463e-02
 -3.07261255e-02  2.40317006e-02  3.02745048e-02 -9.90261510e-02
  1.46726295e-02 -4.25759032e-02 -1.94270536e-02  1.70256123e-02
  1.08442185e-02 -3.69450673e-02 -6.11703508e-02 -3.60159948e-02
 -6.57921657e-02 -3.37583162e-02  3.38790491e-02  1.52815087e-02
  5.91247119e-02 -1.10095106e-01  4.33666967e-02 -5.16122207e-02
 -2.40114587e-03  2.21126061e-02 -1.56245651e-02 -4.04125638e-03
  4.92313504e-02 -2.29274128e-02  5.15802670e-03  2.79396120e-02
  2.86779627e-02 -1.37538146e-02  5.38836122e-02 -7.27531239e-02
  7.52600189e-03 -7.39835650e-02 -2.84551382e-02  3.78640629e-02
 -6.89744726e-02  3.41310538e-02  7.08875060e-02 -1.27628343e-02
 -6.87577343e-03  1.25009399e-02 -4.71423715e-02 -3.34171727e-02
 -2.68017221e-02  2.80395094e-02 -5.32232076e-02  8.40864424e-03
 -1.70884989e-02 -7.35175563e-03 -6.54739997e-05 -1.98134221e-02
 -1.40108215e-02 -5.32755293e-02  8.58006403e-02 -1.24745993e-02
 -1.64856948e-02  4.50255089e-02 -5.88047057e-02  3.17073092e-02
  9.32697579e-03  4.05215658e-03  1.15441578e-02 -3.33130993e-02
 -2.97109522e-02 -4.80732881e-02  8.44368245e-03 -7.77986599e-03
 -3.78695540e-02 -4.38404754e-02  3.08230966e-02  3.07428725e-02
  3.71213779e-02  6.70480281e-02  3.18909995e-02  2.18431447e-02
 -6.56645000e-02 -9.49981343e-03  8.19899887e-02 -4.65665385e-02
  7.30589479e-02  3.61718726e-03 -2.18443181e-02 -2.15025228e-02
  5.16938977e-03 -3.47663602e-03  1.65051017e-02 -1.90548245e-02
 -3.67327519e-02  4.11288962e-02  8.06438830e-03  7.14232102e-02
  3.65516264e-03  7.32460469e-02  3.16187106e-02  8.30967128e-02
  4.99323104e-03 -3.02815363e-02  5.78300953e-02  6.44198060e-02
  4.64587808e-02 -5.62560931e-02  1.83444675e-02  1.04908999e-02
 -2.38915589e-02 -5.99879352e-03  9.25580040e-02  3.12981866e-02
  2.03415342e-02  4.47741989e-03 -3.79143618e-02  2.14017611e-02
  9.59312264e-03 -2.14303676e-02 -6.79618791e-02 -5.06496504e-02
  5.74087836e-02 -5.23251947e-04  9.43118110e-02 -3.86331081e-02
 -1.82571281e-02  3.22923735e-02 -2.80928072e-02 -2.86596976e-02
  2.00171620e-02  1.87471211e-02  4.32164557e-02  6.40927581e-03
  1.47766368e-02 -6.11186773e-02 -2.11941055e-03  3.10064051e-02
  2.72098035e-02 -3.65514308e-02  4.76500206e-03 -2.64709499e-02
 -3.50954719e-02  3.53116803e-02 -5.10876253e-03  1.66340899e-02
 -5.49780577e-02  6.21875226e-02 -4.07799520e-02 -8.66884887e-02
 -7.12654963e-02  3.08047924e-02  4.08543125e-02 -3.63602340e-02
 -1.48066776e-02 -4.54578213e-02  3.57081518e-02  4.25176062e-02
 -3.59296575e-02  1.52433207e-02 -4.67166677e-02  6.68096095e-02
 -2.55968072e-03 -7.11504221e-02  6.75743446e-02 -1.43107902e-02
  5.49717583e-02  4.36741821e-02 -8.81089084e-03 -3.50046461e-03
 -2.06373855e-02 -3.00969724e-02  1.84974857e-02  3.15466747e-02
  2.00004429e-02 -6.72115479e-03 -2.88777472e-03  3.01907882e-02
  3.62745672e-02 -1.18400678e-01 -8.87900442e-02  5.41474074e-02
 -1.98476389e-02  2.08306834e-02 -1.95530038e-02 -2.74705291e-02
  1.61222555e-03 -1.06449261e-01  1.96957737e-02 -2.98931412e-02
  5.77428453e-02 -2.67475788e-02  3.86480950e-02  1.45986266e-02
  3.06973606e-03 -1.51359905e-02 -5.76802306e-02  6.89562783e-02
  4.19073738e-02 -2.72177402e-02  3.16383615e-02 -3.82550359e-02
  2.18621101e-02 -6.83007529e-03  1.09390151e-02  4.82933223e-02
 -2.52604522e-02  4.39039357e-02  5.95866181e-02 -2.88045639e-03
 -3.89100090e-02  1.00461598e-02 -2.59284694e-02 -2.90511046e-02
 -3.80170457e-02 -5.55368438e-02 -5.90595827e-02  2.25601196e-02
 -6.06357828e-02  5.47403283e-03 -9.80742499e-02  6.74528163e-03
  1.78193357e-02  2.44568698e-02  1.15112914e-02  5.20873815e-02
  7.85550028e-02 -6.49001449e-02  7.13462308e-02 -4.83849868e-02
 -5.07994927e-02  3.71979401e-02 -2.06012279e-02 -4.36718902e-03
  9.22203586e-02  2.63775922e-02 -2.95433328e-02  3.62247266e-02
  1.71202570e-02 -1.87666323e-02 -7.86470473e-02  8.25649649e-02
 -8.90653729e-02  3.37281525e-02  7.99226388e-02 -7.78250396e-02
 -3.10242027e-02 -7.40989074e-02 -3.07515785e-02 -2.91456934e-02
 -1.60618348e-03  3.49415466e-02  4.97226082e-02  4.44366336e-02
 -6.86476305e-02 -1.13823647e-02 -1.27274431e-02 -8.29971284e-02
  1.50741404e-02 -8.14565420e-02  4.92072105e-02 -4.07916233e-02
  3.75988893e-02 -2.11319309e-02 -3.74738276e-02  4.46574297e-04
  1.59522295e-02 -8.69111419e-02  1.27878681e-01  3.70873362e-02
  9.64242034e-03  7.24437311e-02  7.05274660e-03  1.01584624e-02
  1.87330134e-02  5.84055623e-03 -3.76128475e-04  3.33107859e-02
 -4.95304614e-02  5.63001782e-02 -1.70162916e-02  2.85599716e-02
  1.26014510e-02 -3.48313451e-02 -5.65693155e-03 -2.86113564e-02
 -2.52593905e-02 -2.96536516e-02 -4.47284505e-02  3.98984328e-02
 -5.73984161e-02  1.92429882e-03 -1.24319820e-02  2.43803170e-02
  1.15849059e-02 -6.13173656e-02  2.52109692e-02  7.19608292e-02
  3.25088650e-02  4.96406071e-02  2.96444632e-03  5.35102896e-02
 -2.31273193e-03  4.04206812e-02 -8.51708744e-03  2.02142019e-02
 -1.09952345e-01 -2.62792669e-02 -1.44160744e-02 -4.14070003e-02
  9.79491025e-02  4.30439040e-02 -2.79606190e-02 -1.79066397e-02
 -1.69432517e-02  2.73006186e-02  1.34118423e-02 -5.43147586e-02
  3.13574150e-02 -7.02562109e-02 -2.24772282e-02  4.73493449e-02
  6.45252392e-02 -7.13151321e-02 -5.37889525e-02  4.23200168e-02]","[ 2.22433694e-02  5.75741641e-02  5.81776872e-02 -1.89908836e-02
 -6.79464731e-03 -1.63607057e-02 -3.12406328e-02 -6.83058947e-02
 -4.05435599e-02 -6.36972934e-02  4.17387150e-02  1.77482199e-02
  2.71893498e-02 -7.32515147e-03  1.62407681e-02 -1.02135388e-03
  1.15096150e-02 -1.00900635e-01  3.09876464e-02 -8.68683681e-03
 -1.86945144e-02 -3.93611342e-02 -1.43211149e-02  1.34969503e-02
 -2.65655443e-02  6.13065362e-02 -8.72018747e-03 -3.87609825e-02
  4.97615673e-02 -1.94008593e-02 -5.21612391e-02  2.57755313e-02
  1.08760297e-02 -6.39865398e-02 -1.52052017e-02  1.95020661e-02
 -4.19147052e-02  2.06212234e-02 -3.80810932e-03 -2.04192698e-02
  1.53323077e-02  2.49884706e-02 -9.23856348e-03  8.40137526e-02
  2.99503487e-02 -6.98231766e-03 -7.50131579e-03  2.75166258e-02
 -1.51913688e-02  1.98411290e-02  1.57593619e-02  5.28533012e-02
 -4.61094566e-02  4.64666896e-02  9.82012972e-02 -9.75458696e-03
  9.35141891e-02  1.29435770e-02 -1.40877860e-02  4.19910625e-02
  3.99989188e-02  1.84561945e-02  4.81310487e-03 -2.11499650e-02
  1.89970434e-02 -4.86484207e-02 -1.36834690e-02 -2.21472494e-02
  7.55702332e-02 -1.21297106e-01  6.05068542e-02 -6.29947484e-02
  8.31653476e-02 -8.24366212e-02  5.88196442e-02 -3.85559164e-02
 -1.30599448e-02  9.72336438e-03  7.88253453e-03 -1.14578819e-02
 -2.54726950e-02 -4.41927686e-02 -8.84087905e-02  5.78557886e-02
 -4.35557514e-02 -1.31366188e-02 -2.79691853e-02 -3.06400713e-02
  2.96089780e-02 -8.97803977e-02  6.14423119e-02  5.96370250e-02
 -2.88772043e-02 -1.62045565e-02  3.72730680e-02 -3.78121063e-02
  9.68454499e-03 -1.70420632e-02 -5.37890792e-02  1.03748642e-01
  6.32179528e-02 -6.33127764e-02  3.72306746e-03  4.75162752e-02
  6.08475134e-02  3.07131745e-02  2.24892981e-02  1.72459148e-02
 -1.12269903e-02  1.85416043e-02  2.85636503e-02 -5.88015504e-02
 -2.69648265e-02  3.16576660e-02 -3.82801816e-02 -1.98117718e-02
  1.67108178e-02  7.93846995e-02  4.81650978e-02  4.75142822e-02
  3.81944282e-03 -4.46543843e-02  3.04611418e-02 -7.46815801e-02
  3.09192687e-02 -6.39315099e-02 -2.88128224e-03 -1.28671415e-02
 -5.10497391e-02  5.43360226e-03  4.40172032e-02 -9.85137224e-02
 -1.03358785e-02  3.53456885e-02 -3.63729969e-02 -5.18344603e-02
  1.01759583e-02 -3.01141515e-02 -1.01521937e-02  4.02842313e-02
  3.65579166e-02 -2.84399223e-02  5.63723780e-02  7.78520538e-04
  4.56545316e-02  6.47071376e-02 -8.84127076e-05  3.10041849e-02
  8.72976780e-02 -5.68694621e-02  4.79269139e-02  5.64461946e-03
 -1.23293614e-02  9.30515025e-03  2.69924998e-02 -3.37224118e-02
 -6.01065159e-02 -5.34509979e-02 -4.33519408e-02  2.33966559e-02
 -4.36285958e-02 -2.06033327e-02  9.71864387e-02 -8.85077100e-03
  6.05201675e-03  3.27751413e-02  5.21249473e-02 -2.63789855e-02
  4.91233543e-02 -5.91903646e-03  2.16827029e-03 -2.31316052e-02
  3.44265997e-02 -3.49649042e-02  4.19758372e-02 -2.52050087e-02
  2.89271615e-04 -1.71620771e-02 -4.76908274e-02  4.41909730e-02
  2.73352563e-02 -2.93739308e-02  3.54407430e-02  1.76995043e-02
 -5.13041317e-02 -9.77553055e-03 -1.55205414e-01 -3.04165599e-03
  3.25782038e-02 -3.10447905e-02 -6.25726581e-02 -4.27259281e-02
  4.88471277e-02 -4.63828221e-02 -2.69191116e-02 -9.65364203e-02
  1.35171050e-02 -3.55043486e-02 -1.26669332e-02 -3.56691293e-02
 -4.81703915e-02 -1.53870815e-02 -5.13212904e-02 -3.55573446e-02
 -5.78771085e-02 -2.15425100e-02  1.39989527e-02  1.09957447e-02
 -1.47760566e-02  5.38439164e-03 -6.30692393e-02 -3.02451551e-02
  1.17994249e-02  1.86159480e-02 -6.27382398e-02  7.78851360e-02
  1.16268925e-01 -3.78574245e-02  1.38323167e-02 -2.59019132e-03
 -1.26042236e-02  2.71477811e-02 -4.54582833e-03 -8.36604387e-02
 -3.72467041e-02 -6.22480027e-02 -3.79740298e-02  3.60320997e-03
 -1.01487137e-01  8.48657340e-02  5.05216839e-03  4.52370159e-02
  2.47214325e-02  1.22789266e-02  1.08667952e-03 -3.66730466e-02
 -6.98480308e-02  5.65687232e-02 -1.45713976e-02  1.48739610e-02
  8.92162919e-02  4.26323293e-03  6.07962087e-02 -3.16580385e-02
 -8.44242238e-03  2.24448685e-02 -1.33715877e-02  4.72191386e-02
 -5.56893200e-02 -2.22453699e-02 -1.33769698e-02  3.82547416e-02
  4.75110970e-02 -1.39826722e-02  8.67794901e-02 -3.96254361e-02
  1.17408372e-02 -3.63065377e-02  1.08446233e-01  1.60107929e-02
  8.02385956e-02  2.66313576e-03 -1.92749165e-02 -2.92400513e-02
 -1.75515842e-02  6.33092672e-02  6.15676939e-02 -5.41524217e-02
 -1.19146314e-02 -1.93365533e-02  6.98809773e-02 -7.25244209e-02
 -1.31824147e-02 -3.57322022e-02 -5.42802848e-02  3.31177413e-02
  8.18867832e-02 -2.92885993e-02  1.72259065e-03 -8.36866051e-02
 -7.42247626e-02 -3.72664034e-02  5.96777461e-02  6.28634021e-02
  5.65889664e-02 -8.72820709e-03 -3.52259749e-03  6.81270063e-02
  3.55665060e-03  2.74731070e-02  3.94606264e-03  5.55869229e-02
  1.09640071e-02 -6.55780882e-02  7.89796636e-02 -7.40939975e-02
  6.84403162e-03 -5.46353795e-02  2.99420347e-03 -1.74917188e-02
  5.80121465e-02  1.64072700e-02 -7.42380321e-02  8.18548631e-03
 -4.68911007e-02 -1.26646913e-03 -1.21526942e-02 -3.23593840e-02
  4.48263176e-02  1.27151832e-02  8.24602204e-04  1.51706729e-02
  5.91472797e-02  3.44490781e-02 -1.50233228e-02  4.87558059e-02
  1.13950744e-02  6.39330223e-02  1.10380031e-01  3.05142533e-02
  5.81238698e-03 -2.51954026e-03  2.98065338e-02  2.96838153e-02
 -6.15764409e-03  1.90030374e-02  5.07672317e-02 -7.15845600e-02
  2.33995523e-02  8.40074867e-02  2.95534381e-03  2.20900886e-02
  7.89074786e-03  6.09481186e-02  1.11661376e-02 -8.79583284e-02
 -3.83307748e-02  4.82428484e-02 -7.41546042e-03 -4.92475219e-02
  4.11499813e-02 -6.47037625e-02 -4.56789583e-02  6.44128472e-02
 -7.04617947e-02  3.54065895e-02 -1.96330771e-02 -3.91175784e-02
  2.14844421e-02 -7.36005902e-02  8.58099237e-02  2.94417739e-02
 -8.56872834e-03 -4.14214022e-02 -4.54503484e-02  8.40536878e-02
 -2.86985841e-02 -2.27137990e-02 -6.75495937e-02 -3.53107639e-02
 -8.26564059e-02  4.45330478e-02 -2.85576796e-03 -2.58130785e-02
 -1.41599998e-02  4.05468307e-02  2.73058861e-02 -3.53134312e-02
  8.61799866e-02 -4.15535085e-03 -1.44442059e-02 -3.36752795e-02
 -3.53594273e-02  2.71029118e-02 -3.23171169e-03 -1.92870982e-02
  1.64764095e-02 -2.94991471e-02  4.30219360e-02 -2.91239526e-02
  2.34373137e-02  3.97807397e-02 -1.28716184e-02 -5.29425256e-02
  1.38539132e-02 -8.00422654e-02  4.96928170e-02  7.79448170e-03
  1.87247507e-02 -7.13159144e-02  1.46101471e-02 -2.41387486e-02
 -4.16544192e-02  4.48894836e-02 -3.41411680e-02  7.83358142e-02
 -6.96128160e-02  9.16829798e-03  4.29716036e-02  5.57714850e-02
 -9.97144133e-02 -8.85471031e-02 -2.06767209e-02  5.27366623e-02
 -6.26027631e-03  2.71166917e-02 -1.96470041e-02  5.36602773e-02
 -1.45872245e-02 -2.90435571e-02  3.98274027e-02  6.62408993e-02
 -3.72036658e-02 -1.45392984e-01 -8.09580833e-03 -2.11799238e-02
 -3.88881639e-02 -1.46321384e-02  1.47788180e-02  1.91215500e-02
  3.48984823e-02 -1.16718207e-02 -5.95728755e-02  8.30021799e-02
  6.46047341e-03  2.45298147e-02  1.47028212e-02  2.12859344e-02
  2.74143480e-02 -2.96215154e-03  1.02412179e-01 -4.19890769e-02
  9.56747979e-02 -1.15938401e-02  2.23809164e-02 -4.69025150e-02
  4.84008864e-02 -5.00054508e-02  7.69517049e-02 -3.86252860e-03
 -8.48261192e-02  1.02062961e-02 -1.69953704e-02 -2.96621006e-02
  2.55501308e-02  3.71970758e-02 -2.25158688e-02  2.16419771e-02
  3.43546048e-02 -9.91991162e-03  5.86596243e-02 -7.11028138e-03
 -4.30711312e-03 -5.23626693e-02 -5.71323521e-02  2.14435700e-02
  3.40964459e-02  5.16959168e-02 -4.38943803e-02  1.29695442e-02
 -1.99312121e-02 -3.90706919e-02 -2.34652795e-02  3.25921476e-02
  5.15809841e-02 -3.50983925e-02  2.16636788e-02 -1.32544097e-02
 -1.09623130e-02 -3.48608680e-02  2.64506694e-02 -1.01343868e-02
  2.76565296e-03 -2.07455028e-02  1.10149048e-02  4.52558845e-02
 -1.30712502e-02 -6.42292500e-02 -4.17969935e-03 -1.47364531e-02
  7.06346845e-03 -4.55081984e-02 -1.63571797e-02  1.75464002e-03
  5.04739932e-04  3.97867374e-02 -7.44621037e-03 -9.73120239e-03
 -5.21742143e-02 -5.44797294e-02 -1.73636936e-02 -3.80012169e-02
 -3.44886854e-02  1.41524430e-02 -2.33857054e-03 -1.09572858e-02
  5.56618124e-02  2.46653985e-02  3.86959948e-02  2.77729835e-02
  3.90552469e-02 -4.39569503e-02  2.66179023e-03  3.66037451e-02
 -3.75458002e-02 -4.93792035e-02  3.87033671e-02 -3.99547592e-02
 -4.43890784e-03  1.26457857e-02 -3.13575566e-02 -2.99336185e-04]","[-1.48230465e-03  4.23864797e-02 -3.28353569e-02 -8.41777399e-03
 -5.84061770e-03  2.41440739e-02  6.14413545e-02 -1.08125350e-02
  4.17409204e-02 -7.28606656e-02  2.95574730e-03 -6.88548712e-03
  1.09932870e-02 -5.00131659e-02 -1.39998859e-02  5.66558652e-02
 -2.44449973e-02  3.18854069e-03  5.70151582e-02 -1.16762100e-02
  1.80702023e-02  4.17772196e-02  1.17364700e-03 -1.54470401e-02
 -1.02328034e-02  6.65005744e-02 -4.01213057e-02 -4.65167239e-02
 -3.25557590e-03  5.35360426e-02 -1.37313418e-02  1.29499501e-02
 -4.72446270e-02  1.90027058e-02  1.67291088e-03 -6.12535328e-02
  1.55325308e-02 -1.30779535e-01 -3.66100818e-02  5.43075567e-03
 -4.67527248e-02 -4.66483720e-02  4.66406159e-02 -8.61842334e-02
  5.27687296e-02 -3.13735148e-03 -4.45779264e-02  1.29062438e-03
 -2.14517806e-02  2.07453538e-02  4.41637039e-02 -1.85924396e-03
  1.75673943e-02  6.06031679e-02 -2.28667073e-02  7.95775652e-02
  4.14084084e-02 -4.81659509e-02 -3.08816712e-02 -8.76462609e-02
 -2.27174982e-02 -8.79591629e-02 -3.03409230e-02 -2.33210288e-02
 -1.35335820e-02 -1.53980758e-02 -5.59211522e-02  9.14367381e-04
  7.02715060e-03  4.07911688e-02  3.50464061e-02  3.58628817e-02
 -4.49228883e-02 -7.77170882e-02  2.00788979e-03  5.32165691e-02
 -2.14167051e-02  3.08321677e-02  4.24194261e-02  1.01901060e-02
  2.95651127e-02  5.30370250e-02  5.47818420e-03 -1.94487460e-02
  1.43116741e-02  1.12023205e-02 -7.72083774e-02 -6.40827091e-03
 -1.65510233e-02  3.32347676e-02  8.17752331e-02  9.03402939e-02
  2.01530047e-02  4.25219983e-02 -5.73447496e-02  2.81408597e-02
 -7.87342712e-02  3.82017083e-02  5.98172992e-02 -5.78165846e-03
  7.76424631e-02  3.92563902e-02  2.40769405e-02 -6.98864534e-02
 -6.23168387e-02 -3.73782218e-02  3.58094316e-04 -2.38129515e-02
  4.72668931e-03  5.78601062e-02 -4.72549209e-03  8.21788087e-02
  3.35751660e-03 -6.26176000e-02  5.96785024e-02 -4.91945371e-02
 -8.85209143e-02  4.45383787e-02  2.31112745e-02  6.18950389e-02
 -2.36004665e-02  9.74700376e-02  1.33243203e-02  1.84940858e-04
  2.47931704e-02  1.84948521e-03  3.33737070e-03  4.68113944e-02
  2.39270087e-02  5.64501472e-02 -5.89552335e-02  5.19681908e-02
  8.12526643e-02  8.25922750e-03  1.47895329e-02  3.93004855e-03
 -5.31588271e-02 -1.17277376e-01  5.09343408e-02 -3.89899202e-02
 -6.53505977e-03  1.62092559e-02  5.10530360e-03 -6.44941404e-02
  1.59818493e-02 -6.87866509e-02  1.22755847e-03  3.89049202e-02
 -2.02852394e-02  3.92670222e-02 -3.43177058e-02 -2.49347501e-02
  6.10704236e-02  1.54719083e-03  2.56976653e-02  4.12577353e-02
  1.13465525e-02 -3.37616727e-02 -2.56035067e-02  5.58835268e-02
 -2.15165354e-02 -6.57409579e-02  2.80654468e-02 -3.26368697e-02
 -5.41755930e-02  2.83511300e-02 -6.39920905e-02  2.82372162e-02
 -1.94844361e-02  2.47166995e-02 -3.42718735e-02  3.49640027e-02
 -2.23972369e-03  5.69945835e-02  1.21412210e-01  6.26820512e-03
  2.53705885e-02 -1.58117134e-02  3.45810391e-02 -3.11442018e-02
  5.84335346e-03  1.22687286e-02 -3.69710848e-02 -1.56018499e-03
 -7.08164349e-02  5.34819551e-02  2.13440657e-02  7.54583031e-02
 -7.74490833e-02  2.58743055e-02  2.08668858e-02 -2.62696929e-02
 -5.21641970e-02  2.11471952e-02  5.75835444e-02 -3.33279595e-02
 -6.72255084e-03 -3.98698486e-02 -2.06036530e-02 -9.05712415e-03
  7.38299489e-02  6.58074096e-02 -3.80949266e-02 -3.06441467e-02
 -3.27710062e-02 -2.86146197e-02 -1.05671305e-02  9.73965041e-03
 -3.69040146e-02 -2.09778566e-02 -3.45493816e-02  2.15877332e-02
  2.34192405e-02 -4.48856950e-02  3.37896608e-02  5.43110408e-02
 -5.01963086e-02 -1.57464333e-02  6.03648573e-02 -3.70940864e-02
 -1.20920865e-02  4.55727391e-02  2.88055167e-02  1.70195289e-02
 -9.63653624e-02  8.25309008e-02  4.59013358e-02 -1.50553733e-02
  2.98655182e-02  1.38362404e-02 -3.03603765e-02 -5.57514019e-02
 -6.97945431e-02 -5.33260517e-02 -1.90096144e-02 -1.50960684e-02
 -1.88001860e-02 -3.92854400e-02  3.89098525e-02  3.04034874e-02
 -5.72433602e-03 -7.99923167e-02  4.02838737e-02  3.93678099e-02
 -1.58706941e-02 -1.47250015e-02  3.48297581e-02  2.19331216e-02
  9.89242177e-03 -1.91747062e-02  2.41971798e-02  3.77487764e-02
  6.44169673e-02 -1.02300625e-02 -2.47713402e-02 -8.03932920e-03
 -7.89421517e-03  3.55341733e-02 -5.45082949e-02  4.98236753e-02
 -2.91581079e-02 -1.92257818e-02 -2.98865861e-03  1.82063635e-02
 -3.62651050e-02 -6.72172755e-02  6.06421269e-02  1.95685346e-02
  1.74562633e-03 -1.04155988e-02 -1.19936932e-02  1.02400295e-02
 -4.21145856e-02  2.64113881e-02 -1.32975215e-03  7.13885799e-02
  1.33070908e-02 -8.37418903e-03  1.58450082e-02  4.09962349e-02
 -1.15596419e-02  5.42407148e-02  5.09541258e-02  3.90268378e-02
 -3.59080136e-02  2.46730223e-02  2.52363947e-03 -2.15977561e-02
  3.74420336e-03  1.92838032e-02  4.04424295e-02 -4.24818695e-02
  5.90956286e-02  8.62792283e-02 -4.22724709e-02  1.41315507e-02
 -1.63412355e-02 -1.05890315e-02 -2.92868633e-02  5.86513095e-02
  4.54090163e-02 -1.73337497e-02 -3.20625678e-02  3.61451581e-02
 -1.31681492e-03  1.42791539e-01 -1.51949562e-03  2.67848317e-02
  6.26495779e-02  4.60643731e-02 -5.35634235e-02 -7.53644928e-02
 -3.27290706e-02 -1.45840989e-02  5.14000356e-02  7.02873990e-03
  1.06025457e-01 -4.90897596e-02 -2.48403177e-02 -3.14978920e-02
  4.14478555e-02  1.93953067e-02  5.13826609e-02 -1.08502591e-02
  2.12248694e-03  2.86676502e-03 -2.70471107e-02  6.92758486e-02
 -5.17339483e-02  2.32945606e-02 -3.13204117e-02  6.36114329e-02
  8.70911032e-02  2.78639831e-02 -3.69289145e-02 -1.83625706e-02
 -2.71913372e-02 -1.08440239e-02  5.20314928e-03  6.49755001e-02
 -5.88043183e-02 -9.61650908e-03  3.87458876e-02  1.65279452e-02
 -2.37839632e-02 -7.44315460e-02 -6.71271086e-02 -2.84913536e-02
 -1.34825399e-02  2.52218358e-02 -3.05234808e-02  2.12277379e-02
  1.50495197e-03 -8.02253187e-02 -9.70958695e-02 -7.10446760e-02
  3.56570594e-02  9.82169583e-02 -2.10203156e-02 -7.73989558e-02
 -3.76089960e-02  5.47881760e-02  2.23651901e-03 -1.95218846e-02
 -6.92048389e-03  7.91290775e-02  4.19371873e-02  2.73599885e-02
 -5.86175732e-02 -7.04923868e-02 -6.33681789e-02  1.19815534e-02
 -5.78618981e-02  1.04129361e-03  9.32979062e-02 -9.54015926e-03
  2.59610210e-02  8.61525461e-02  9.09219962e-03  3.83255892e-02
  2.62472108e-02 -3.66353355e-02  9.16496068e-02  8.63723923e-03
  9.89553519e-03  6.83660582e-02  9.28673446e-02 -3.52597609e-03
  3.13480236e-02 -3.65493260e-02 -4.93910834e-02  1.47349406e-02
  2.38250345e-02  3.73457968e-02  2.71944739e-02 -6.92038834e-02
 -4.43823636e-02 -4.76129306e-03 -4.71296459e-02  3.85467969e-02
 -3.45639163e-03  9.28537734e-03 -3.77006101e-04  5.68751916e-02
  2.54922155e-02 -1.16046630e-02 -4.72909352e-03  2.13479456e-02
 -6.09616330e-03  7.15207905e-02  5.82638532e-02 -6.61454871e-02
 -1.74069107e-02 -6.84834421e-02 -4.57282253e-02 -1.24932081e-02
 -3.75499278e-02 -9.98474881e-02  9.51186084e-05  1.41454972e-02
  1.22357635e-02  2.05507781e-02  7.80478418e-02 -5.07020913e-02
  4.61040922e-02 -6.16465583e-02 -6.59539625e-02 -8.57050046e-02
 -1.19270477e-02 -3.39158741e-03  3.46796773e-03  7.25731533e-03
  3.13214771e-02  1.85975954e-02  3.08162291e-02 -5.18302955e-02
  4.26866068e-03 -7.56528974e-02  6.29503205e-02  9.48818494e-03
 -1.66683625e-02  5.07601015e-02 -1.02073299e-02  4.31703441e-02
 -9.43434832e-04 -4.62424308e-02 -3.25305611e-02  6.61302265e-03
  4.15543988e-02  6.96870387e-02  1.37497643e-02 -3.40599776e-03
 -1.50022293e-02 -1.85031630e-02  7.74955824e-02 -1.63123030e-02
  2.99709290e-02 -1.99778308e-03  7.71451974e-03  6.22455068e-02
 -1.12610031e-02  9.48985573e-03 -5.96964620e-02  7.34473616e-02
  1.51650622e-01  1.86754242e-02 -4.76856828e-02 -9.78969187e-02
 -3.00157238e-02 -1.97929572e-02  6.41732011e-03 -5.11160754e-02
 -2.68688332e-02  4.59711850e-02  6.40893281e-02  3.18463109e-02
 -5.20407408e-02  1.40139256e-02  3.54992226e-02  2.73525212e-02
  6.07637875e-02  3.90525796e-02 -5.60276024e-02  2.39877589e-02
 -4.29326631e-02 -3.19609744e-03  1.38537306e-02  1.32182986e-02
 -4.84142685e-03 -1.45830563e-03  1.94542576e-03 -1.13864513e-02
 -5.84767200e-03 -5.45682795e-02 -3.74323837e-02 -3.07760797e-02
  1.65925175e-02  6.11186624e-02  2.21507978e-02 -3.45257074e-02
 -7.71642721e-04  2.13996433e-02  1.95165016e-02  3.57142091e-02
 -1.53499991e-01 -4.72393781e-02 -1.65034179e-02  3.52371186e-02
 -4.17821258e-02 -4.89832945e-02 -1.36464546e-02 -9.64326132e-03]","[-6.59332052e-02 -5.98213030e-03  1.90589018e-02 -7.40194768e-02
  3.24530937e-02  1.77888926e-02  9.93093252e-02 -2.04472579e-02
 -5.10030948e-02  3.91918840e-03 -1.09058237e-02 -3.40248756e-02
  7.73872733e-02  4.61520813e-02 -2.10857182e-03  1.08505776e-02
 -6.78000748e-02 -5.74892126e-02  2.63477694e-02 -2.85632480e-02
  2.32018791e-02 -1.47554241e-02  3.69476229e-02  9.94894560e-03
 -4.50573899e-02 -1.48347579e-02  2.88567599e-02 -5.89822680e-02
 -3.50941792e-02 -4.74347249e-02  1.80598591e-02 -5.28723039e-02
  4.31544408e-02 -1.73635979e-03  9.95171517e-02 -3.80779020e-02
  1.01999426e-02  1.15132984e-03  1.82330143e-02  8.04334581e-02
  1.20054223e-02 -7.34808668e-02 -8.46578106e-02  3.61336321e-02
 -5.21228500e-02  3.71907353e-02 -5.00276722e-02  2.66441964e-02
  2.53509935e-02  2.15667672e-02  5.68065792e-02  4.80476506e-02
 -1.32412210e-01 -1.59328934e-02 -7.41139567e-03 -1.33547350e-03
 -4.82654348e-02 -2.42048688e-02  1.22070193e-01 -4.84780502e-03
  3.83691825e-02 -7.24760965e-02 -3.57662849e-02  1.12196669e-01
 -1.88470278e-02 -4.42164317e-02  4.21560742e-02 -1.68776233e-02
 -5.62059972e-03  6.08324446e-02  2.31376588e-02 -3.10468255e-03
 -8.37612674e-02 -8.82689804e-02 -1.07403342e-02  3.20148282e-02
  1.24021934e-03 -2.85034832e-02  2.76457295e-02 -4.26988676e-02
  7.94515610e-02 -9.64325294e-03  1.44387828e-02 -1.65368281e-02
  3.26092765e-02  1.76074151e-02 -4.04645167e-02  1.17294770e-02
 -2.11915765e-02  3.79205868e-02 -9.77112260e-03 -6.61162706e-03
  1.15424385e-02 -4.63872962e-02 -9.87816751e-02  7.51802549e-02
  5.40069938e-02  3.41103859e-02  3.64575908e-02  6.27548769e-02
  3.85483843e-03 -2.65582241e-02 -1.10573471e-02 -3.40313241e-02
  6.61966205e-02 -1.77951809e-02  1.88873466e-02 -5.20636141e-02
 -2.81776041e-02  1.37263173e-02  3.29462029e-02 -4.02938500e-02
  4.14472371e-02  4.48068678e-02  1.26866037e-02 -9.45905074e-02
 -6.37226254e-02 -3.68182361e-02 -2.64806468e-02 -2.47932021e-02
 -4.92691584e-02  9.65454523e-03 -9.21094499e-04 -1.35636190e-02
 -1.82988737e-02 -2.85168104e-02  3.62090878e-02  3.39580216e-02
 -1.86998118e-02 -9.37903076e-02  1.43270036e-02  1.00075848e-01
  2.56677698e-02  5.26044630e-02  9.43918005e-02 -1.84629054e-04
 -3.43489018e-03  4.33643125e-02 -1.66555326e-02 -1.89941432e-02
  3.07896677e-02  3.32345511e-03  4.03938182e-02 -1.89853124e-02
  6.92161694e-02  2.18989607e-02  3.65019068e-02  3.32719982e-02
 -7.90940374e-02  4.14065309e-02  1.92133535e-03  1.62375662e-02
 -8.57757404e-03  6.23175986e-02 -5.28897997e-03 -2.76347250e-02
  1.54002616e-02  7.29335286e-03  7.09378272e-02 -4.46945205e-02
 -1.03045627e-03  5.45678698e-02  9.83310491e-03  1.03036454e-02
 -6.08936548e-02  1.00499047e-02 -8.40589404e-03 -1.91915724e-02
 -1.91908665e-02  3.13651077e-02 -3.58676985e-02  2.51246933e-02
 -6.08968511e-02  4.16930951e-02 -5.41640297e-02 -5.81639558e-02
  1.81175750e-02 -5.37529476e-02  2.44273059e-03  4.61495407e-02
 -4.78777941e-03 -2.53811274e-02  1.63726707e-03  6.99502751e-02
 -1.22900791e-02 -5.56930378e-02 -9.62886494e-03 -1.88528504e-02
 -8.22893158e-03 -3.25377695e-02  8.23554397e-02 -1.87957613e-03
 -3.04170400e-02  5.61324842e-02  9.27483197e-03 -9.03074741e-02
 -3.35121416e-02 -6.92417696e-02 -3.86626422e-02 -3.85359041e-02
  4.67795357e-02 -7.81417117e-02 -1.65290404e-02 -3.65170687e-02
  2.56266147e-02 -5.26908822e-02  2.77612135e-02 -4.29904573e-02
  1.86350141e-02 -5.77731952e-02 -3.62818465e-02 -4.14121076e-02
 -3.87894176e-02  2.11740062e-02 -4.19866741e-02  2.94151343e-02
  5.69957308e-02 -2.49415804e-02 -3.06074154e-02 -3.81904282e-02
  1.68270972e-02 -4.00065491e-03  3.89431901e-02 -1.12558827e-02
  3.20674442e-02  3.48749086e-02  4.05522138e-02 -4.31402884e-02
 -4.27794643e-02  6.74292520e-02 -1.81238316e-02  4.73861992e-02
  2.97731496e-02  5.96141592e-02 -5.18740108e-03  3.61568597e-03
 -1.39763672e-02  6.97474554e-02  3.41578643e-03 -9.79442988e-03
  1.40779419e-02 -2.29895562e-02 -4.46350276e-02  7.03665614e-02
 -5.90949040e-03 -7.37801939e-02  8.59321728e-02  1.75411347e-02
  1.41448509e-02 -4.06969637e-02  2.42367517e-02  1.78580247e-02
 -2.46334616e-02 -1.06417745e-01  7.70873502e-02  5.15652746e-02
 -5.97825125e-02 -1.92644950e-02  2.58129202e-02 -7.31606856e-02
 -4.40413691e-02 -3.36688831e-02  2.60048416e-02 -1.10182734e-02
 -5.47160171e-02  8.93155262e-02 -5.96208312e-02  6.24550926e-03
 -5.93218990e-02  4.73026522e-02  7.86350295e-02 -1.76155400e-02
  9.18704644e-03 -1.01323286e-02 -9.38044488e-03 -9.41653550e-02
 -3.26980352e-02  7.29974136e-02  1.85378175e-02  3.33256181e-03
 -3.28354053e-02  6.18763380e-02  3.58641297e-02 -3.22146304e-02
  2.47745644e-02  4.19254135e-03 -2.27234997e-02  1.73553582e-02
 -6.69860281e-03 -1.46908443e-02 -1.98579356e-02 -2.85717924e-05
  4.43504937e-02 -1.72856599e-02  2.58216308e-03  3.92873734e-02
  8.39738548e-02  1.96137112e-02 -2.66148290e-03 -2.14310400e-02
 -1.45697622e-02  5.03795780e-02 -5.90538513e-03  7.61960372e-02
  6.75727660e-03  2.50932761e-02 -5.42721003e-02  6.81537986e-02
 -5.62587893e-03 -9.29069612e-03 -2.63885222e-02 -4.80337813e-02
 -2.00606361e-02 -3.68065536e-02 -3.51992366e-03  3.60035859e-02
  5.73688128e-04  1.38283800e-02  7.54271576e-04  3.81487049e-02
 -8.70933663e-03 -3.89176458e-02 -6.19103312e-02 -3.10292300e-02
 -4.36146110e-02 -9.24383104e-03 -3.55497822e-02  2.14911457e-02
 -1.07216714e-02  1.95227843e-02  2.75123157e-02 -3.31725776e-02
  2.49810833e-02 -1.62069667e-02 -7.64427558e-02  2.41811797e-02
 -1.50724668e-02 -6.50291964e-02  9.66830179e-02  3.42170172e-03
  3.85622010e-02 -7.83024505e-02  7.40906373e-02  1.76680982e-02
 -6.00430146e-02  3.60506848e-02 -7.29150549e-02  4.54584546e-02
 -2.18297839e-02  4.92599374e-03  2.28354000e-02 -1.85664315e-02
  6.32173941e-03  8.59975517e-02 -8.74803513e-02  3.34052811e-03
  9.52705462e-03 -6.21681549e-02  6.23161271e-02  2.19768751e-02
  5.88466153e-02 -7.30999932e-03  4.86292802e-02  1.44416047e-03
 -2.94070933e-02 -2.97544748e-02  3.98239158e-02 -2.06470788e-02
  2.66225915e-03  8.99531320e-02  4.06506993e-02 -3.77029888e-02
 -1.39807221e-02 -2.81501431e-02  6.40094420e-03  4.63693067e-02
  1.90466698e-02 -1.84985381e-02 -2.15032026e-02 -1.92728976e-03
 -1.03858523e-01 -6.39947578e-02  8.33775997e-02  7.28332773e-02
  1.56854540e-02  2.14119554e-02  2.05879938e-03  4.90054525e-02
 -1.27560329e-02 -4.85731922e-02  1.23717720e-02 -4.08243276e-02
  4.56641056e-02 -2.92638801e-02 -1.15224319e-02 -8.66414085e-02
  2.47308463e-02  1.30613532e-03 -6.99245855e-02 -6.82081357e-02
 -3.55844721e-02 -9.37013701e-02 -1.76929906e-02 -4.15989850e-03
 -2.99217626e-02  3.55586298e-02  2.84096450e-02 -2.20391490e-02
  5.09092174e-02  3.30406893e-03  8.66423454e-03 -1.18558854e-02
  1.20074954e-03  7.55262747e-03 -2.89826598e-02  2.04578266e-02
  5.74719952e-03 -1.00979514e-01  2.99928952e-02 -4.20591794e-02
  1.55838579e-02  1.74192078e-02  2.03972440e-02  7.60701392e-03
  9.02010687e-03 -8.94889049e-03 -6.06780499e-02  5.50599098e-02
 -2.70528812e-02  2.14400515e-02 -4.95031029e-02  2.48813583e-03
 -2.85413233e-04 -1.25901088e-01 -1.73683953e-03  2.39082668e-02
  2.97459047e-02  3.05808689e-02  1.09022139e-02  1.35046154e-01
  2.83515695e-02  2.54326388e-02  1.34695284e-02 -4.63190936e-02
 -5.97964600e-02  4.54211384e-02 -5.10392189e-02 -3.24884616e-03
  2.37168875e-02 -2.37700455e-02  2.63032578e-02  6.44388497e-02
 -3.80282477e-02  4.95742448e-02  8.94486904e-02 -3.39871608e-02
 -3.33081000e-02  2.47040149e-02 -5.47349975e-02  4.84456010e-02
  3.31344418e-02  2.49453578e-02  2.38801297e-02  4.75119278e-02
 -2.16096789e-02 -4.49797511e-03  9.55170207e-03  3.14225070e-02
 -1.37442583e-02 -3.88088487e-02  7.04716053e-03  1.54221818e-01
  4.84124385e-02 -1.82829034e-02 -4.47260700e-02  3.08284797e-02
 -5.76395914e-02  2.47923192e-02 -1.15910666e-02  6.48011267e-02
  9.61737335e-02  2.04479881e-02  2.42341347e-02 -2.67880205e-02
 -8.18302948e-03 -4.06858549e-02 -3.38981450e-02  6.94305077e-02
  7.32042175e-03  6.29220083e-02  7.18341097e-02  2.55414899e-02
 -4.22460884e-02  5.00629097e-02 -1.78873842e-03 -7.35889599e-02
  3.52948322e-03 -4.12053289e-03 -8.28725006e-03 -6.08573854e-02
  4.51699607e-02 -1.09754838e-02 -5.49617819e-02 -4.36760634e-02
 -1.00649856e-01 -2.80033033e-02 -3.06290649e-02 -1.52385365e-02
 -2.81803329e-02 -3.96509618e-02 -2.12287083e-02  3.85940894e-02]","[-5.78033477e-02 -2.25943252e-02 -1.63679011e-02  8.63903090e-02
 -6.19120486e-02  9.83688049e-03  2.77444981e-02 -4.56301905e-02
  2.90619619e-02 -4.15528659e-03 -1.12252245e-02 -1.37976538e-02
  3.05961177e-04 -1.85819936e-03  3.17170843e-02  2.33330913e-02
  4.54759113e-02  5.52172549e-02  8.61642044e-03  3.18756234e-03
  8.04526657e-02  2.23933742e-03  6.62813475e-03  3.65518630e-02
 -2.27948502e-02  5.25529310e-02 -1.83357503e-02 -4.37843315e-02
  1.21204089e-02 -4.16746689e-03 -6.24001324e-02  4.17240113e-02
 -4.96891811e-02 -3.38370018e-02 -2.92823631e-02 -5.69161773e-03
 -8.43235925e-02 -7.13143498e-02 -4.16718908e-02  3.44323553e-02
  3.23796682e-02  4.55562249e-02  6.97176158e-03 -1.42167332e-02
  1.72412042e-02  1.56516433e-02  4.27549146e-02  1.36141796e-02
  1.09667266e-02  1.75939105e-03  9.50951874e-03 -2.22720131e-02
 -7.21802877e-04 -3.06338109e-02  6.81524631e-03  4.58200052e-02
  6.07943647e-02  3.00286915e-02  1.55663686e-02 -7.09454645e-04
  1.85727011e-02  2.31787954e-02  3.29829305e-02 -4.16235402e-02
  5.76387011e-02  9.26500931e-02 -3.18293646e-02  4.71564457e-02
 -7.52094090e-02 -3.76151465e-02  8.33521113e-02 -1.49519357e-03
 -1.52946645e-02 -2.01057922e-02  5.11207432e-02 -5.53526990e-02
 -4.40946855e-02  4.53824662e-02  9.24399414e-04 -4.21430990e-02
  3.17192986e-03 -7.40333572e-02  2.78158374e-02  4.76551196e-03
  1.81385037e-02  1.20494072e-03 -5.69499508e-02  2.38409508e-02
 -4.37803976e-02  1.09942798e-02  3.03654326e-03  5.66366420e-04
  7.28516057e-02  1.56647188e-03  1.55531894e-02 -4.42648493e-02
 -4.44652438e-02  1.20156968e-03 -8.96918064e-05  8.70700832e-03
 -1.23528831e-01 -2.35538697e-04  1.38000110e-02 -7.92406127e-02
  6.88354522e-02  4.62078303e-02  4.40397970e-02  2.95269061e-02
  1.06298383e-02 -2.66394336e-02  5.57172149e-02  5.25200926e-02
  5.46580628e-02  1.93133689e-02  1.14635667e-02 -5.42753451e-02
 -5.85875846e-02 -4.75945533e-04 -2.30921991e-02  2.60023982e-03
 -3.22801434e-03 -3.01302988e-02 -3.84934060e-03 -3.69005762e-02
 -5.28201833e-02  7.26278573e-02  3.41024362e-02 -1.04891255e-01
  6.40873658e-03 -2.56762374e-02 -5.14637567e-02 -7.13799596e-02
  8.90338887e-03 -7.28376955e-02 -1.71291502e-03  4.84671257e-02
 -9.75193083e-02  4.41883840e-02  3.44029367e-02  6.67648762e-02
  2.91699544e-02 -1.65830981e-02  3.17864940e-02  1.86619330e-02
 -3.43423262e-02 -2.44079567e-02  4.35518548e-02 -2.60317940e-02
 -4.43221591e-02 -5.14929928e-02  2.78113093e-02  3.57224904e-02
  6.69571199e-03  2.69973371e-02 -2.46724077e-02  2.38977578e-02
 -3.89247993e-03  2.60238014e-02  8.54607765e-03  1.41005835e-03
  1.74039556e-03 -5.57061248e-02  6.25702813e-02 -7.28095323e-02
 -3.53984274e-02 -2.51376089e-02  4.67985161e-02  1.51970657e-02
  4.58282195e-02  6.36460334e-02 -6.44797040e-03 -2.80687325e-02
 -5.51732630e-02 -7.14293972e-04 -2.27576178e-02 -8.74959379e-02
 -3.31303999e-02 -3.42177190e-02 -1.20375745e-01  4.91470611e-03
  4.38622339e-03  1.63235106e-02  2.84529738e-02  2.48149130e-02
 -6.12666421e-02  1.42497951e-02  4.10720855e-02  7.81896934e-02
  2.22626068e-02 -2.25171214e-03 -4.63908836e-02  5.00476062e-02
  6.59457594e-03  4.06551436e-02  2.15594214e-03 -1.21345073e-02
  2.41951272e-02 -9.25192907e-02 -9.61095933e-03  6.18897611e-03
  2.70128753e-02  9.50733349e-02 -1.79567412e-02 -2.73030587e-02
 -4.04119566e-02  7.74972364e-02  1.18861785e-02  5.94953075e-02
 -5.95314475e-03  8.90257768e-03 -1.27170151e-02  2.08484922e-02
  3.32965218e-02  8.81839022e-02 -4.74589355e-02 -4.21559345e-03
  6.18980825e-02 -2.74351723e-02 -6.79988367e-03  4.43129838e-02
  2.02262979e-02  2.13344824e-02  5.65020889e-02  3.97566035e-02
  3.02324314e-02 -6.15935121e-03 -1.58046447e-02  6.29451647e-02
 -1.54452433e-03  4.37001232e-03 -4.54964526e-02 -5.55475913e-02
 -1.72275014e-03  3.67419161e-02 -9.01196748e-02 -3.26710381e-02
 -1.79049075e-02 -7.92697296e-02 -1.24495095e-02 -4.75082919e-02
 -4.22229338e-03 -3.49663459e-02 -2.36772206e-02  3.42157446e-02
 -6.05829619e-02  7.50469277e-03  1.60589498e-02 -6.20530322e-02
  5.12087205e-03  7.08611533e-02 -8.34495574e-03  3.28730494e-02
  6.26630113e-02  4.68103513e-02 -1.35534145e-02  3.35841775e-02
  8.72958302e-02  1.27055803e-02  3.46619412e-02  6.34731352e-02
 -2.01650541e-02 -1.48866000e-02  2.12595891e-02  3.09060067e-02
 -3.97795029e-02 -1.87397506e-02  5.27664945e-02  9.60326008e-03
 -3.08416467e-02  4.28478904e-02 -6.69411197e-02  6.45149723e-02
 -1.98707618e-02 -4.01662700e-02 -5.05018681e-02  1.90887728e-03
  5.12268357e-02 -4.00890447e-02  3.80553640e-02  4.13730629e-02
  5.91657348e-02 -5.31119294e-02  4.15119492e-02 -5.14841676e-02
  1.11257620e-01 -6.13380075e-02  7.30745420e-02  2.18602046e-02
  5.00781238e-02  7.02465400e-02 -5.63496724e-02 -2.91654021e-02
 -1.29692763e-01 -4.01969403e-02  3.50708142e-03  2.74627991e-02
  1.03376746e-01  4.36297469e-02 -3.64586059e-03  9.51815099e-02
  8.39989353e-03  9.20099393e-02 -3.43263410e-02  1.50899077e-02
 -8.84497352e-03  3.55451107e-02  1.43316388e-02 -2.43727751e-02
 -2.93573104e-02 -8.79958570e-02 -6.28946573e-02 -6.19792705e-03
  7.59176258e-03 -5.78846931e-02 -1.28280699e-01  3.73466350e-02
 -7.64294527e-04  1.08747063e-02 -5.00701740e-03 -3.41533013e-02
  3.20927911e-02 -9.79400948e-02 -5.36994934e-02 -1.29723391e-02
 -1.13056991e-02 -1.95797719e-02  4.38738018e-02 -2.82321423e-02
 -6.89907596e-02 -3.85770090e-02  3.28672081e-02 -3.61341201e-02
 -4.85831797e-02  4.21823235e-03  4.12060730e-02 -3.56174074e-02
 -1.12534482e-02 -4.32021469e-02  2.58504879e-02  5.28827757e-02
  1.69392284e-02 -3.79223973e-02  2.44542360e-02  4.68620379e-03
 -4.13101539e-03 -7.52239153e-02 -4.33350019e-02 -2.76567936e-02
 -2.07166467e-02 -5.98460734e-02  6.10670745e-02  7.27664083e-02
 -6.32208399e-03  6.97499067e-02  4.95374240e-02  4.45455089e-02
  5.21881096e-02  1.12403762e-02  3.65919992e-03  2.30734656e-03
 -1.84730422e-02 -3.89524736e-04  2.36920677e-02 -2.90159881e-02
 -2.39710733e-02 -2.38740686e-02 -3.66429240e-02 -4.36184742e-02
  7.24391267e-02  4.81729805e-02  2.55884370e-03 -3.76092866e-02
  1.92889627e-02 -2.74166819e-02 -2.57384554e-02 -1.31890811e-02
 -1.09465197e-02  5.70552424e-02 -6.57716691e-02  4.41344688e-03
 -4.25477652e-03 -4.83756773e-02  2.07852796e-02  3.33180539e-02
  1.77613646e-03 -2.89817452e-02 -5.15933670e-02 -6.40248507e-02
  4.17796709e-03  3.71470675e-02 -2.92230863e-02 -1.30648939e-02
  1.44361546e-02  9.54278111e-02 -1.15695465e-02  1.10238707e-02
 -4.30934271e-03  4.12600394e-03  2.77940463e-02  6.16124496e-02
 -8.36090818e-02 -6.56541437e-02  7.53544345e-02  5.56905083e-02
 -5.62374666e-02  2.67762151e-02  7.07681850e-02 -5.49025834e-02
 -4.61228602e-02 -3.92144173e-02  5.62153719e-02  6.33697305e-03
  4.48709987e-02  3.67476419e-02  1.39526902e-02 -2.92107332e-02
 -5.69201969e-02 -6.16161677e-04  2.60697100e-02  5.72151802e-02
  2.30236668e-02 -9.70216915e-02  7.49501288e-02  1.41977957e-02
  2.86224112e-02  2.78331563e-02  1.63444895e-02  4.00630236e-02
  8.26098844e-02  1.73374563e-02  1.87171642e-02 -1.18907522e-02
 -6.40864298e-02  5.65535156e-03 -1.46080796e-02  6.87522069e-02
 -3.10190767e-03  3.82430442e-02 -5.71795553e-02 -1.58925559e-02
 -3.48003432e-02 -4.78655882e-02  6.18477985e-02  1.83024574e-02
  1.65364649e-02  3.76408808e-02 -3.55458520e-02  2.16347054e-02
 -4.80620889e-03 -7.42688030e-02 -2.72325650e-02  1.12321638e-02
 -5.12962714e-02 -5.00445347e-03 -1.84091311e-02 -2.14518569e-02
 -2.48861481e-02 -2.75364518e-02  2.11554766e-02  4.20232341e-02
 -5.31299002e-02  3.64445001e-02  9.32988599e-02  5.12765646e-02
  3.16310190e-02  4.91751172e-02 -2.57866513e-02  7.03156218e-02
 -4.36677448e-02 -1.60069205e-02  2.11952887e-02 -4.21305038e-02
  1.48366271e-02 -7.83596281e-03 -1.06410822e-02 -2.60977317e-02
 -3.30431480e-03  5.27058803e-02 -2.70116664e-02 -4.79996726e-02
 -7.51680061e-02 -5.66982524e-03 -1.49060953e-02  2.09044609e-02
  6.01584986e-02  1.11206636e-01  4.42233533e-02  6.36875257e-02
 -7.30579793e-02  3.68014500e-02 -9.35669467e-02  7.65230879e-02
  8.45005829e-03  2.32978794e-03  1.82149392e-02 -3.38870883e-02
 -7.82254562e-02 -6.98930398e-02 -1.02665499e-01  3.72499749e-02
 -7.78716132e-02 -4.20761667e-02  5.44172302e-02 -3.03714406e-02
  1.33746292e-03  6.62775561e-02  3.89739275e-02 -3.68777253e-02
  1.04850410e-02 -9.10483859e-03 -7.03325793e-02 -1.48654319e-02]","[-1.84423458e-02  5.34672365e-02 -2.31360178e-02 -1.10228926e-01
 -5.26238605e-02 -5.84497526e-02  2.57852841e-02 -2.18451824e-02
 -2.23772582e-02 -1.09339178e-01  6.08331189e-02 -1.26717627e-01
 -1.36337178e-02  4.61266264e-02 -5.89851141e-02 -1.45047847e-02
  3.44205871e-02 -2.34667654e-03  2.17025168e-02 -3.96002969e-03
 -3.48782912e-02  4.67317216e-02 -4.22010385e-03 -4.77900580e-02
 -3.07824221e-02 -1.75908487e-02  5.86445816e-03 -5.48029020e-02
 -2.14892197e-02 -1.07788062e-02 -6.08633552e-03  2.76665427e-02
 -4.98281978e-02 -2.82798875e-02 -4.58664410e-02 -4.60033491e-02
  4.26420942e-03  4.56949184e-03 -2.78106593e-02 -1.47304470e-02
 -3.96911353e-02 -3.53564210e-02 -1.45376176e-02  1.02282673e-01
 -2.43552327e-02  8.69443174e-03  7.99671188e-02  1.83611289e-02
 -3.48955132e-02 -5.55005297e-02 -2.13444815e-03  8.55976194e-02
 -3.95951793e-03  5.22288494e-02  7.74051901e-03 -5.66222481e-02
  1.01580799e-01  6.58608824e-02  1.88006852e-02  2.09864546e-02
 -5.31696528e-03  6.47665709e-02  7.54167233e-03  6.98053390e-02
 -3.28612998e-02 -1.69974267e-02 -6.49289787e-02 -2.69086901e-02
  5.32918572e-02 -4.22197990e-02 -6.35083811e-03 -7.67185027e-03
  1.66333336e-02 -1.32633194e-01  1.00075351e-02  5.19509101e-03
 -1.50436384e-03 -2.78338585e-02  2.30962001e-02  4.55888212e-02
  1.39851747e-02 -9.17265844e-03  1.43150780e-02  6.13324679e-02
 -2.62402955e-05 -2.45192181e-02 -2.02766489e-02 -1.12575643e-01
 -9.76928044e-04 -3.82229835e-02 -1.86434817e-02 -1.03766974e-02
 -3.42430025e-02 -6.47617728e-02  2.47986671e-02  1.50742754e-02
 -5.34302497e-04 -8.00375547e-03 -2.54684798e-02 -1.08722392e-02
  8.84619430e-02  4.20223782e-03  3.23753767e-02  5.22261560e-02
  5.01724109e-02  7.26633817e-02  8.92706960e-02 -9.11122840e-03
 -3.56580652e-02  2.44102702e-02  2.90308725e-02 -4.10813652e-02
  4.17503389e-03 -7.90437683e-02 -1.46292392e-02 -1.30033512e-02
  1.73732303e-02 -1.12179313e-02  4.98083467e-03  4.70381603e-03
 -7.69573301e-02  4.97066369e-03 -2.02925671e-02 -5.75368777e-02
  7.01229423e-02 -4.93953563e-02  3.67099606e-02  8.40431079e-03
 -9.36621241e-03  4.15219441e-02  4.24805954e-02 -6.16897084e-02
  8.87118131e-02  3.09436372e-03 -8.65094736e-02  3.77981588e-02
  5.04883528e-02 -1.42458957e-02 -6.43664077e-02  2.95568760e-02
  2.18076967e-02  4.96145338e-04  3.93393375e-02  1.11179240e-02
 -1.83665240e-03 -4.52472493e-02 -3.99615504e-02  4.13371548e-02
 -3.15340161e-02 -6.59795851e-03  3.35401818e-02  5.03116054e-03
  1.57832019e-02  3.12776715e-02  3.14576365e-02 -2.20005196e-02
 -3.87219246e-03 -2.92775054e-02 -9.23401862e-03 -1.03399016e-01
 -4.35525645e-03 -9.49763879e-02  5.50458990e-02  3.36784460e-02
  2.93534511e-04  3.21947299e-02 -2.26835608e-02  9.33573321e-02
 -1.82475373e-02  4.17869836e-02 -1.53387375e-02 -4.29801121e-02
 -1.15521764e-02  8.00711289e-03  5.66252731e-02  2.49544648e-03
 -3.17952223e-03  4.62771468e-02 -7.22865993e-03  2.01993603e-02
  5.27740754e-02 -5.11183590e-02  1.19175566e-02  1.75545774e-02
 -1.47957006e-03 -2.80128326e-02 -3.53667177e-02 -3.43976058e-02
  4.29849327e-03  3.60758640e-02  1.16792284e-02 -2.84004882e-02
 -9.89856478e-03 -1.39876166e-02  1.85049940e-02  4.11687121e-02
  3.18898186e-02  9.46207531e-03  8.09936319e-03  1.32298889e-02
 -2.98713613e-02 -5.14558423e-03 -5.40114418e-02  3.45886387e-02
 -3.11173089e-02  2.90468279e-02  1.40828975e-02  9.85200703e-03
 -4.78751436e-02 -3.74021865e-02 -5.38628399e-02  1.21970056e-03
 -4.22735959e-02  1.59116052e-02  2.89383568e-02  6.30911440e-03
  6.05488010e-02 -9.49024111e-02  7.60481432e-02 -5.88932224e-02
  7.92508945e-02  6.06778935e-02 -1.45411929e-02  2.81627160e-02
 -5.64491302e-02  5.22896871e-02 -4.08176333e-02 -2.23766658e-02
 -7.76387826e-02  6.59169331e-02 -9.15024653e-02  2.33458467e-02
  1.84100829e-02  2.04193313e-02 -3.92214619e-02  9.52100568e-03
  2.15759147e-02 -1.65223063e-03  4.65824008e-02 -1.13089569e-02
  6.23054244e-02 -2.37431284e-02  1.21407174e-02 -6.90523386e-02
  2.38636788e-02  3.81282717e-02  3.15574706e-02  9.84023064e-02
 -9.26810130e-03 -2.59324871e-02  3.89916301e-02  1.34884836e-02
  1.31610816e-03 -5.40461875e-02  8.24281052e-02 -8.35133065e-03
 -2.38134861e-02  4.90402505e-02 -1.76105369e-02  3.84276509e-02
  7.41071440e-03 -8.89846310e-02  3.78675796e-02  2.00645495e-02
  1.36470906e-02  8.31675250e-03 -2.03788877e-02  7.55858570e-02
 -1.08898256e-03  5.77703863e-02 -2.13593449e-02 -1.50189884e-02
 -4.05211821e-02  3.82305682e-02 -6.56109974e-02 -2.91263424e-02
 -2.80873235e-02  5.24099311e-03 -6.22449107e-02 -3.56951989e-02
 -7.37296641e-02  1.51169905e-02  1.23594314e-01 -3.36376182e-03
 -3.13791893e-02 -1.09999441e-02  5.21421898e-03  5.24815684e-03
  4.68599685e-02 -3.26626785e-02  3.93505953e-03  1.06380910e-01
  5.02702557e-02 -5.18392250e-02  3.88743822e-03 -7.28856167e-03
  4.33351658e-02 -4.19634171e-02 -2.56273113e-02  2.81023458e-02
  5.92782162e-02  4.47736382e-02  6.77665276e-03 -7.38705173e-02
 -9.19120293e-03  6.02083281e-03  7.66058778e-03 -3.11727691e-02
  2.36290451e-02 -2.49958336e-02  4.28437674e-03 -7.39436131e-03
 -1.81490835e-02  1.16721421e-01  4.93237115e-02  7.14035779e-02
 -2.04287432e-02 -1.75570827e-02  2.80086100e-02 -1.83189828e-02
  1.74283776e-02 -7.47114494e-02 -4.47911099e-02  3.42978106e-04
 -3.76162827e-02  1.63801778e-02 -3.38047929e-02  1.53372344e-02
 -2.27098130e-02  4.42385301e-02  4.53381166e-02  4.68032919e-02
 -6.00320920e-02 -4.55244854e-02 -5.73849380e-02  3.51773691e-03
 -9.55248252e-02  5.47278523e-02 -1.40668200e-02  6.74429461e-02
 -6.73732311e-02 -2.28329352e-03 -2.63543967e-02  9.37170908e-02
 -1.33125484e-01  3.99876060e-03 -2.32923962e-02  2.55779773e-02
 -6.15575574e-02  3.95843806e-03  6.60800412e-02 -2.54051276e-02
  3.01073380e-02 -7.13754818e-02  6.53392868e-03  2.05659010e-02
 -9.54523757e-02 -1.14301778e-02  1.28962323e-02 -2.47262344e-02
 -1.69552341e-02  9.25457925e-02 -3.54185477e-02 -2.31180452e-02
 -4.91533577e-02  1.17737697e-02  1.15062976e-02 -6.08773157e-03
  3.75803858e-02 -4.36169707e-04  4.73330468e-02  2.94106007e-02
 -6.95986524e-02  7.73176970e-03  3.16174664e-02 -1.57862715e-02
  2.15152535e-03  5.35377823e-02  4.52265702e-02  1.18346000e-02
 -8.30353890e-03 -2.46874709e-02  1.98220015e-02 -3.55097130e-02
  1.32050607e-02 -6.68887496e-02  1.19249530e-01  1.56305842e-02
  2.72296020e-03 -5.84417246e-02  2.46686582e-02 -6.54045716e-02
  4.26979326e-02  6.08273223e-02  1.81643479e-02  6.05290718e-02
 -5.66189587e-02  2.36432478e-02 -3.68455984e-02  7.18523562e-02
  1.55210607e-02 -5.01360465e-03 -1.18853254e-02  1.66897681e-02
 -5.65188490e-02 -1.63308971e-04  1.28030572e-02 -4.64931242e-02
  2.11564777e-03 -8.34330991e-02  6.40970841e-02  5.53438179e-02
  4.95832227e-02 -9.07606855e-02 -2.44960636e-02  2.22340971e-02
  2.85968650e-02 -8.72405693e-02 -6.59283698e-02  9.15611163e-03
 -5.75667247e-02  4.50572185e-02 -8.56096577e-03  4.34856340e-02
 -3.47235464e-02 -2.72568446e-02  5.05302800e-03 -6.79353764e-03
  6.76647201e-02  4.86511216e-02  1.04802541e-01  7.80833364e-02
  3.87050882e-02 -1.64552946e-02  2.71571372e-02 -1.69346984e-02
  4.93202396e-02 -2.44479794e-02 -1.70844235e-02  2.45393869e-02
  5.13933366e-03 -6.07552119e-02 -9.33447387e-03  1.93389747e-02
 -3.48845311e-03  1.50121702e-02 -1.15384132e-01  3.51885781e-02
 -2.25550961e-02  5.39941154e-02  4.40864414e-02  1.65373944e-02
 -6.48623258e-02 -3.90176401e-02 -5.76891154e-02  3.74360792e-02
 -3.78952734e-02 -7.91250095e-02 -7.94975087e-02 -1.81171838e-02
  3.87012810e-02 -1.44493282e-02 -2.70335991e-02 -2.48653069e-02
  4.21808399e-02  2.03896053e-02 -9.76291578e-03 -6.28088266e-02
  2.47511938e-02 -6.57881796e-02  6.01301380e-02  9.13969576e-02
 -5.99002466e-02  9.32908524e-03  6.80036657e-03 -7.35836616e-03
 -5.10074459e-02  3.26544158e-02  4.43326421e-02  4.70788106e-02
 -5.49051724e-02 -3.85795347e-02  3.52627002e-02 -9.21822712e-03
  4.00746949e-02 -1.18426851e-03 -2.78325677e-02  5.73031232e-02
  4.73669544e-02  2.87619103e-02 -3.09239998e-02  2.26853006e-02
 -3.39556411e-02 -3.42428945e-02  2.88098789e-04 -2.06054281e-02
  1.64665543e-02  1.44649828e-02  4.37614284e-02  4.80923541e-02
  4.08158265e-02  4.37343791e-02 -1.27227409e-02 -9.85640660e-03
 -7.06751943e-02  5.10170721e-02  1.85761694e-02 -7.13163614e-03
  2.90225400e-03 -3.77720967e-02 -5.28082289e-02 -2.68529002e-02]","[ 5.57645299e-02  5.35520986e-02  4.79150452e-02  3.85657065e-02
  7.90225621e-03  1.04090432e-02 -3.71319652e-02 -3.10248341e-02
  2.94756461e-02 -2.66817212e-02 -2.86205206e-02  5.50786555e-02
 -3.23670357e-02  2.48581432e-02 -2.93749431e-03  1.09392153e-02
  8.54309555e-03  6.74421433e-03 -2.45686788e-02  5.47790388e-03
 -2.48848349e-02  4.58117686e-02  2.57067699e-02 -6.75870776e-02
 -1.15348786e-01  3.23305279e-02  1.84551068e-02  3.65675390e-02
 -2.60688700e-02  6.48855418e-02 -4.44433605e-03  1.64910667e-02
 -6.61513060e-02  6.73483834e-02  1.58546455e-02 -4.84367684e-02
 -9.83545929e-02  1.23145450e-02 -1.80620905e-02 -3.97749506e-02
  2.86552124e-02 -3.71637158e-02  5.17004111e-04 -1.99849047e-02
  6.17856830e-02  5.11159301e-02 -2.44638417e-02  9.49177966e-02
 -4.88572307e-02  9.56116337e-03 -4.36233021e-02  1.12942122e-02
  3.30994129e-02  1.90835223e-02  7.96949491e-03 -1.03073262e-01
  2.32313434e-03 -1.23755403e-01  7.65649751e-02  2.35563610e-02
  3.45041715e-02 -7.78648164e-03  3.88800800e-02 -1.42898143e-03
 -3.70994620e-02  7.02861696e-02  7.19389971e-03  1.46429632e-02
  5.23536466e-02  3.57788615e-02  1.64004844e-02 -1.62156019e-02
  3.08864564e-02 -3.36616896e-02  3.95837948e-02  7.21177831e-02
 -2.43208576e-02 -9.51981097e-02  1.98211074e-02 -5.94826862e-02
  8.16673264e-02  1.03217438e-02 -1.24641573e-02 -2.02729162e-02
  2.15809215e-02  1.04407063e-02 -5.41613996e-02  3.12844320e-04
 -8.59817415e-02  5.03151603e-02 -3.42811160e-02  4.54065017e-03
  3.92309064e-03  1.78075042e-02 -5.58680110e-02 -3.45878936e-02
  2.07600612e-02  4.16091345e-02  4.73202392e-02 -5.29744662e-02
 -8.45197886e-02 -3.63189578e-02  6.97918050e-03 -3.22995213e-04
  7.09157810e-02  2.80112997e-02  3.99969220e-02 -2.64967065e-02
 -3.64743210e-02  2.58769607e-03 -5.94472466e-03  1.68818701e-02
  6.49029911e-02  6.53755432e-03 -1.59685388e-02  6.59835339e-03
 -3.93269956e-02 -2.81647891e-02 -1.08581297e-01 -3.69204283e-02
 -1.12292245e-01  3.17926854e-02 -6.38440549e-02  2.88296584e-03
  1.64780449e-02 -1.47278477e-02 -3.81768309e-03  1.87074710e-02
 -8.27592611e-03  6.19141757e-02 -3.75209413e-02 -5.33138812e-02
  9.67618637e-03 -7.54482299e-02  1.07421868e-01  7.19851851e-02
  3.99287883e-03  6.57435209e-02  2.88684815e-02 -1.04218405e-02
  7.39804134e-02 -2.14245822e-02  9.70791653e-02 -4.15352434e-02
 -4.42669261e-03 -2.83104517e-02 -1.19446507e-02 -2.74456721e-02
  3.15549114e-04 -2.09870841e-02  8.11139047e-02 -8.97738189e-02
  4.34536412e-02 -2.85465680e-02  1.18496362e-02 -3.22896838e-02
 -3.99203263e-02  1.81889546e-03  4.04710509e-02  4.58892882e-02
 -5.65400347e-02  2.35135527e-03  1.77495759e-02 -3.35637070e-02
 -8.77467077e-03 -9.58722271e-03 -2.60824095e-02 -2.07136739e-02
  2.32269540e-02  1.57459043e-02  6.00084737e-02 -1.36393765e-02
 -3.68988477e-02  1.50326509e-02 -3.67031172e-02  1.88230779e-02
 -4.06577401e-02 -6.40193895e-02 -6.58443943e-02 -2.62365639e-02
  3.56418081e-02  1.31418146e-02 -3.55231017e-02 -4.71008904e-02
 -8.35761148e-03 -1.04561681e-02  3.69031765e-02 -4.43964116e-02
 -2.64670644e-02 -4.95104603e-02 -3.86070088e-02 -2.85943737e-03
 -7.69720599e-02  5.63139953e-02  3.77757549e-02 -4.29880107e-03
 -2.05651671e-02  1.29740024e-02  7.35706314e-02  3.08822244e-02
 -2.48851441e-02 -3.29111554e-02 -7.12006018e-02  1.83294769e-02
  8.82879645e-02 -5.86315878e-02  3.51623148e-02 -2.52894480e-02
  4.66956645e-02  6.59719035e-02  2.67409720e-03 -3.39566767e-02
  8.09012279e-02 -2.68454161e-02 -1.27490973e-02 -1.31504470e-02
 -3.07011250e-02  4.02815640e-02  9.47305094e-03 -4.62610424e-02
 -3.39800422e-03  6.13588654e-02 -4.19755168e-02  7.39122257e-02
  1.15250237e-02 -8.09315033e-03  7.60001093e-02  1.10554099e-02
 -3.74221429e-02 -4.10169251e-02  5.90817351e-03 -1.76707003e-02
 -5.51862456e-02  7.15595335e-02 -8.06369409e-02  3.47306915e-02
  2.35121474e-02 -6.20716549e-02  6.80744555e-03 -2.87066419e-02
 -3.49633358e-02  7.50788376e-02 -9.32853855e-03  1.02821155e-03
 -5.44228824e-03  2.70858500e-02  4.91802990e-02  1.91017874e-02
 -2.17934344e-02 -1.50864124e-02 -5.44391349e-02 -7.01150522e-02
  3.41295567e-03 -3.23605351e-02  5.39542660e-02 -1.71055440e-02
  1.44766383e-02  2.69991662e-02 -2.68163141e-02  3.04906704e-02
 -4.94889058e-02 -3.07987612e-02  5.53561701e-03  7.41515011e-02
  1.67011078e-02 -6.15237392e-02  1.88176874e-02  5.96782949e-04
  9.42715723e-03  1.26194619e-02  8.73815641e-02 -6.72378519e-04
 -6.58367388e-03 -3.94085422e-02  1.36380196e-01  1.17167877e-03
 -2.94378474e-02  1.34613260e-03 -4.20244411e-02  2.99764462e-02
 -2.20257919e-02  1.52168535e-02  2.85782050e-02 -1.44744385e-03
 -7.66606778e-02 -5.73401749e-02  6.53591603e-02  1.02202212e-02
  1.63468290e-02  3.38953733e-03 -3.59073654e-02 -2.63595302e-02
  2.22269725e-02  1.35022961e-02 -2.32917722e-02  4.28359620e-02
 -5.29642142e-02  3.21656317e-02 -9.46682412e-03  7.05657527e-02
  1.06718265e-01  2.42009088e-02 -2.90760119e-02  1.36532888e-01
  6.00697920e-02  8.34396982e-04  2.94154920e-02 -6.10828120e-03
  6.49797823e-03  8.71251747e-02  6.53533861e-02  3.65403900e-03
  7.57972971e-02 -2.90932879e-02 -7.49432528e-03 -4.94418629e-02
  1.31625652e-01 -1.94085594e-02  2.67658173e-03 -2.21351385e-02
  3.28392349e-02 -6.17330254e-04 -4.28756736e-02  6.88172132e-02
  1.13922441e-02 -3.45100202e-02 -3.38171721e-02 -5.70721254e-02
 -6.20221300e-03  6.62985723e-03  7.63047561e-02 -3.03305220e-02
  1.14335008e-02 -7.17269778e-02 -2.91572586e-02  1.97415408e-02
 -4.43963595e-02  2.01781634e-02  7.28008375e-02  5.52234240e-02
  1.46656409e-02  4.54896465e-02  6.49414733e-02  2.88179461e-02
 -1.32826800e-02  2.57472228e-02  4.71690185e-02 -4.36721034e-02
 -2.52943654e-02  5.84010780e-02 -3.18992436e-02 -1.25285061e-02
 -2.98831165e-02  6.32627159e-02 -1.32751754e-02 -1.73037797e-02
 -4.66707014e-02  3.83115336e-02  1.79829784e-02  4.84059714e-02
  5.49435103e-03  4.72054165e-03  1.75466444e-02 -4.14396916e-03
  6.46949187e-03 -7.59217143e-02  8.32268894e-02 -2.06627231e-02
  1.52641172e-02 -9.84208379e-03 -3.29976492e-02  7.35374307e-03
 -2.55562831e-02  5.38749993e-03  1.53207658e-02 -4.13139313e-02
 -4.08454314e-02  5.84055185e-02  3.78132239e-03 -3.06422189e-02
  5.95074426e-03  2.61952654e-02  5.36312386e-02 -1.75878257e-02
 -6.63630590e-02 -4.86186631e-02  4.62406278e-02  2.41729897e-02
  2.49311998e-02 -4.04243134e-02  7.41117820e-02  2.47213729e-02
 -2.23389314e-03 -5.45651466e-03  8.32485482e-02  2.80951485e-02
  2.68154237e-02 -7.81834871e-03 -5.46274185e-02  7.96346664e-02
  3.85714439e-03  5.31049632e-02  9.84687358e-02  2.37864163e-02
  4.09747735e-02  2.78142858e-02  2.26318017e-02 -2.12610029e-02
 -7.86747597e-03 -7.12904893e-03 -5.15321977e-02  9.75091942e-03
 -2.10141521e-02  2.72086672e-02  3.73378918e-02 -5.00843897e-02
 -2.65827086e-02 -2.66706385e-02 -1.28254602e-02  3.14162150e-02
  1.00843320e-02  4.22369950e-02 -2.08595637e-02  5.54088783e-03
 -1.84071958e-02  6.01524971e-02 -2.58307587e-02 -3.61025594e-02
 -1.83925163e-02 -3.62739898e-02  4.82982472e-02 -3.10046989e-02
 -3.98055911e-02 -1.46529488e-02  3.53712104e-02  2.90613319e-03
  4.09867093e-02  3.98722552e-02 -1.48173636e-02  2.36808471e-02
  5.67848533e-02 -6.53121322e-02 -3.64033654e-02  5.97422160e-02
  2.34153774e-02 -5.15438616e-02 -8.82085711e-02  4.64356765e-02
 -2.15421263e-02  6.86250553e-02  5.95295317e-02 -2.87122894e-02
 -9.13692545e-03  2.73230840e-02  7.82020390e-02 -5.80433644e-02
 -2.97125727e-02 -8.58542044e-03 -1.76877598e-03  6.44039456e-03
  4.86564897e-02 -3.57671045e-02  3.41216363e-02  8.37009924e-04
  2.02631094e-02  3.97496149e-02 -4.92516272e-02 -5.47230653e-02
 -4.91396785e-02  2.67978036e-03  3.48910168e-02  9.76356026e-03
  1.04175374e-01  2.54485216e-02  7.60718212e-02  6.42325077e-03
 -2.57340576e-02 -2.05458421e-02 -4.36708629e-02  6.05006106e-02
  4.16987464e-02  8.44254973e-05 -1.06303981e-02  1.32532371e-02
 -6.25347197e-02  5.22986576e-02  3.08735408e-02  4.18159887e-02
  2.49867968e-04  7.38772526e-02 -5.94681837e-02 -3.95576954e-02
  1.07950464e-01 -1.49783492e-02 -2.76198704e-03  3.36283632e-02
 -9.63047817e-02  4.09150422e-02  7.76415244e-02  3.57132815e-02
 -8.49779025e-02 -2.19478980e-02  1.00834452e-01 -1.78666841e-02
 -5.05046919e-02  4.40202765e-02 -6.96600527e-02  1.74067505e-02
  5.99901602e-02  2.72327047e-02 -3.87320258e-02 -3.47448923e-02]","[-0.101749   -0.04604878  0.00300411  0.0409531   0.0058518   0.11360855
  0.0827242  -0.08041323  0.02123161  0.00437162  0.01279034 -0.03450586
  0.03741995  0.05495868 -0.01555507  0.02906551  0.01372347  0.02707766
 -0.00268488  0.05442415 -0.00567153  0.06138506 -0.06984676 -0.01797013
  0.00688568 -0.07697663 -0.04153923  0.04970162  0.02397302 -0.02998666
 -0.05626592  0.00248678  0.07181637 -0.0477122   0.03864975 -0.05502008
  0.03622441 -0.06251957 -0.00295149 -0.07019489 -0.0393053   0.05742368
 -0.03773141 -0.03780618 -0.02958552  0.06065777  0.02892473  0.02868135
 -0.01555135 -0.0486019   0.04904103 -0.01825045  0.05580346  0.04069871
 -0.00356043  0.00335689 -0.00649924  0.05361212 -0.04342456  0.00023113
 -0.05976066 -0.02623852 -0.05273195 -0.04040208 -0.00372447  0.04145313
 -0.07045759  0.00791346  0.03911693 -0.01720137 -0.00055639 -0.01841903
  0.01308711 -0.07878511  0.06017608 -0.04778551  0.0074678   0.02492514
 -0.04742695  0.04748979  0.00952523 -0.0570689  -0.03913395  0.02676729
  0.06473529 -0.0330039  -0.0334287  -0.00322613 -0.04719006  0.03522906
  0.0225007   0.04636119 -0.09250321 -0.08953635 -0.03838366  0.07080316
  0.00083976  0.04980528  0.02892943 -0.04218306 -0.01899526  0.02807808
  0.0239614   0.0205544   0.03984028  0.00379491 -0.01129099 -0.11261482
 -0.01434914  0.02929231  0.01497992  0.02850311  0.01925183 -0.04939871
  0.020707    0.04330444  0.02773044  0.03188666  0.05378887 -0.04602526
  0.01892125  0.0323693  -0.01775189 -0.06709742  0.01301445  0.01703968
  0.06155315 -0.04058395  0.0574199  -0.02990939  0.01892351 -0.08632062
  0.06825971 -0.0474388   0.03496388 -0.05365055 -0.09047776 -0.01700392
 -0.00589225  0.03575509  0.01014325  0.0803546  -0.06673125  0.05464203
 -0.04264143 -0.0102634  -0.0219898   0.0559901  -0.00580135  0.06295475
 -0.01106001 -0.02782882  0.01595563  0.00909432  0.08657855 -0.00073145
 -0.02048384  0.02525505 -0.00756137 -0.13027215  0.005192   -0.02982794
  0.03315375 -0.01353074  0.00051255  0.01006543 -0.05772099 -0.05880244
  0.01469467  0.03449164  0.01184916 -0.06084267 -0.05033912 -0.03530865
 -0.03380017 -0.04117995  0.03435788  0.01788075 -0.08952698  0.01462307
  0.05941997 -0.03334829 -0.03167756 -0.02125328 -0.07623947  0.05807742
  0.03416743  0.05779159 -0.01576258  0.13737643  0.02506846  0.01079676
 -0.01590398 -0.01144754 -0.00501404 -0.02615903 -0.04690582 -0.00404941
  0.00847356  0.00522249  0.04809658 -0.04481033 -0.09012678  0.04551497
  0.03794413  0.02096066 -0.05829487  0.01871623 -0.0464174  -0.01349458
 -0.01057328 -0.02326898 -0.04292171  0.09949823 -0.01325761  0.04957141
  0.07524941  0.04492516  0.01143071 -0.04145348  0.03228617  0.02171872
  0.00245087  0.04525605 -0.01028752 -0.02605337 -0.06203974  0.00437022
  0.03955981 -0.00894375  0.02365287  0.00988024  0.00659457  0.07661418
 -0.03960381  0.09864496  0.01362087 -0.04485587  0.04821062  0.04043904
  0.04729574 -0.02796041 -0.091522    0.06696627 -0.08528636 -0.03494928
  0.0406804   0.04722492 -0.04080919  0.00629268  0.02207744 -0.01404545
  0.01437131 -0.00338038  0.03992203  0.06890621 -0.04610003 -0.02088184
  0.01667486  0.0425375   0.02165399 -0.05622645  0.00645623  0.00965895
 -0.00372463 -0.03740234  0.03425667 -0.00905597  0.00042165 -0.03634661
  0.0060028   0.01534841 -0.04865954 -0.04788205 -0.02365558  0.08528399
  0.05567728 -0.03633081  0.02937747 -0.04028283  0.00488445  0.07767585
  0.05444153 -0.02184115  0.05513532  0.01199664  0.10448099  0.00260605
  0.02553834 -0.07966999  0.04392137 -0.01265398  0.05067117 -0.03629478
 -0.027103    0.06061073  0.03208879  0.03203225 -0.04656984  0.02694923
 -0.00217606 -0.00874172 -0.04000298  0.00988516  0.05936059 -0.02948148
  0.05966102 -0.00861491  0.00467014 -0.05474487 -0.00466384 -0.0221708
 -0.03321762  0.01011942  0.02797174  0.01595072 -0.05236985 -0.02617256
  0.02130292  0.01220236  0.04131822 -0.09362584 -0.04423906  0.00469208
 -0.07461011 -0.0130646   0.03367936  0.02594256 -0.04027219 -0.04089854
 -0.10203758 -0.0159371  -0.01660177 -0.05646512 -0.07035071 -0.0400317
 -0.05164138  0.01615585 -0.03048207 -0.00799948 -0.05113918  0.02483075
  0.00850454 -0.04198124 -0.01767868 -0.03048236 -0.10409765 -0.02825664
 -0.00438365 -0.0670388   0.02627598  0.07270849  0.02978667 -0.04123497
  0.02655174 -0.03455281 -0.0055742  -0.04757254  0.05850016 -0.08098619
  0.02590593  0.06393776  0.03445885  0.02905276  0.01302122  0.00143897
  0.00170482 -0.02082632 -0.02272238  0.11937512 -0.06143453  0.02642598
 -0.03903309 -0.00487693 -0.06476319  0.05871605  0.00709879 -0.05093093
  0.03612639  0.0277609   0.03413357 -0.02984024  0.04589558 -0.00466014
 -0.02181307 -0.01726534 -0.00464037  0.01250342  0.00502657  0.01147288
 -0.08948582 -0.02148347 -0.00506065 -0.0218218   0.04149678 -0.03475351
  0.02683966 -0.04620729  0.05737473 -0.0922614  -0.04972014  0.00354531
 -0.01875365 -0.03690201  0.04811502  0.0647593  -0.0031183  -0.00385966
 -0.05703907  0.01268887  0.02627517 -0.06853037 -0.05872069  0.04624191
  0.02768376  0.04590129 -0.05506236 -0.0472833   0.02607684  0.06028999
  0.03990187 -0.05021589  0.05088022  0.02117012  0.03079389  0.02351838
  0.08225628  0.05066118  0.03223915 -0.0434273   0.02490422  0.00996794
 -0.00059385  0.0140578   0.00430025 -0.036816    0.07559755 -0.01680463
  0.00611073  0.097866    0.02192233 -0.01981519  0.01984994  0.00731413
 -0.05843293  0.02965523  0.01024977 -0.04393378  0.04038675  0.00346998
  0.01400829  0.01777202  0.04900097 -0.08448802  0.03387848 -0.06404635
 -0.056053   -0.10050512  0.01789996  0.05314798 -0.00454622  0.0089866
 -0.03142976  0.09697826 -0.02021852  0.0006824  -0.0277684  -0.01717613
 -0.0055745   0.05201701 -0.01463957 -0.00800256  0.04356189  0.04269189
 -0.00717039  0.00236693 -0.02193847 -0.02484403  0.00119518 -0.02324883
 -0.07920155  0.00108846 -0.02868936  0.03729338  0.04701503  0.04484165
 -0.01824151 -0.0369148  -0.02004622 -0.02917695 -0.02387462  0.05401715
 -0.01563965 -0.04125029 -0.05344415 -0.00683835  0.04479948 -0.00577556
 -0.13164712 -0.06735101  0.03412316 -0.01286435 -0.0561634  -0.0350663
 -0.10816242 -0.00888919  0.01971975  0.00162715  0.05720351 -0.04645512
  0.0487693  -0.00556015]"
